{
    "openai/gpt-oss-120b": {
        "verifiability": 4.084905660377358,
        "logical_soundness": 4.943396226415095,
        "novelty": 3.5,
        "relevance": 5.0,
        "clarity": 4.943396226415095,
        "format_error": 0
    },
    "meta-llama/Meta-Llama-3.1-70B-Instruct": {
        "verifiability": 4.481132075471698,
        "logical_soundness": 5.0,
        "novelty": 3.688679245283019,
        "relevance": 5.0,
        "clarity": 5.0,
        "format_error": 0
    },
    "meta-llama/Llama-4-Scout-17B-16E-Instruct": {
        "verifiability": 4.811320754716981,
        "logical_soundness": 5.0,
        "novelty": 3.056603773584906,
        "relevance": 5.0,
        "clarity": 4.943396226415095,
        "format_error": 0
    },
    "google/gemma-3-27b-it": {
        "verifiability": 4.943396226415095,
        "logical_soundness": 5.0,
        "novelty": 3.0,
        "relevance": 5.0,
        "clarity": 5.0,
        "format_error": 0
    }
}