{
    "openai/gpt-oss-120b": {
        "verifiability": 4.19811320754717,
        "logical_soundness": 4.915094339622642,
        "novelty": 3.481132075471698,
        "relevance": 4.971698113207547,
        "clarity": 4.952830188679245,
        "format_error": 0
    },
    "meta-llama/Meta-Llama-3.1-70B-Instruct": {
        "verifiability": 4.952830188679245,
        "logical_soundness": 5.0,
        "novelty": 3.7547169811320753,
        "relevance": 4.981132075471698,
        "clarity": 5.0,
        "format_error": 0
    },
    "meta-llama/Llama-4-Scout-17B-16E-Instruct": {
        "verifiability": 4.962264150943396,
        "logical_soundness": 5.0,
        "novelty": 3.169811320754717,
        "relevance": 5.0,
        "clarity": 4.962264150943396,
        "format_error": 0
    },
    "google/gemma-3-27b-it": {
        "verifiability": 4.9245283018867925,
        "logical_soundness": 5.0,
        "novelty": 3.018867924528302,
        "relevance": 5.0,
        "clarity": 5.0,
        "format_error": 0
    }
}