{
    "openai/gpt-oss-120b": {
        "verifiability": 3.8207547169811322,
        "logical_soundness": 4.981132075471698,
        "novelty": 3.0660377358490565,
        "relevance": 5.0,
        "clarity": 5.0,
        "format_error": 0
    },
    "meta-llama/Meta-Llama-3.1-70B-Instruct": {
        "verifiability": 4.349056603773585,
        "logical_soundness": 5.0,
        "novelty": 3.0849056603773586,
        "relevance": 5.0,
        "clarity": 5.0,
        "format_error": 0
    },
    "meta-llama/Llama-4-Scout-17B-16E-Instruct": {
        "verifiability": 4.783018867924528,
        "logical_soundness": 5.0,
        "novelty": 2.952830188679245,
        "relevance": 5.0,
        "clarity": 5.0,
        "format_error": 0
    },
    "google/gemma-3-27b-it": {
        "verifiability": 4.952830188679245,
        "logical_soundness": 5.0,
        "novelty": 2.943396226415094,
        "relevance": 5.0,
        "clarity": 5.0,
        "format_error": 0
    }
}