{
    "openai/gpt-oss-120b": {
        "verifiability": 3.207547169811321,
        "logical_soundness": 4.90566037735849,
        "novelty": 3.3867924528301887,
        "relevance": 4.990566037735849,
        "clarity": 4.915094339622642,
        "format_error": 0
    },
    "meta-llama/Meta-Llama-3.1-70B-Instruct": {
        "verifiability": 4.113207547169812,
        "logical_soundness": 4.981132075471698,
        "novelty": 3.5849056603773586,
        "relevance": 5.0,
        "clarity": 5.0,
        "format_error": 0
    },
    "meta-llama/Llama-4-Scout-17B-16E-Instruct": {
        "verifiability": 4.528301886792453,
        "logical_soundness": 5.0,
        "novelty": 3.0283018867924527,
        "relevance": 5.0,
        "clarity": 4.952830188679245,
        "format_error": 0
    },
    "google/gemma-3-27b-it": {
        "verifiability": 4.783018867924528,
        "logical_soundness": 5.0,
        "novelty": 2.9716981132075473,
        "relevance": 5.0,
        "clarity": 5.0,
        "format_error": 0
    }
}