{
    "openai/gpt-oss-120b": {
        "verifiability": 3.9716981132075473,
        "logical_soundness": 4.952830188679245,
        "novelty": 3.19811320754717,
        "relevance": 5.0,
        "clarity": 5.0,
        "format_error": 0
    },
    "meta-llama/Meta-Llama-3.1-70B-Instruct": {
        "verifiability": 4.2924528301886795,
        "logical_soundness": 5.0,
        "novelty": 3.188679245283019,
        "relevance": 5.0,
        "clarity": 5.0,
        "format_error": 0
    },
    "meta-llama/Llama-4-Scout-17B-16E-Instruct": {
        "verifiability": 4.669811320754717,
        "logical_soundness": 5.0,
        "novelty": 2.8867924528301887,
        "relevance": 5.0,
        "clarity": 5.0,
        "format_error": 0
    },
    "google/gemma-3-27b-it": {
        "verifiability": 4.90566037735849,
        "logical_soundness": 5.0,
        "novelty": 2.9056603773584904,
        "relevance": 5.0,
        "clarity": 5.0,
        "format_error": 0
    }
}