{
    "num_entries": 106,
    "average_token_usage": 3961.2735849056603,
    "average_elapsed_time": 21.04525171585803,
    "format_error_rate": 0.0,
    "citation_validity_rate": 0.0,
    "verifiability": 4.580188679245283,
    "logical_soundness": 4.985849056603774,
    "novelty": 3.311320754716981,
    "relevance": 5.0,
    "clarity": 4.971698113207547
}